,No. of bombers,No. of fighters,No. of UAVs,Deterrence Mission Delays,Escort Mission Delays,Recon Mission Delays
0,4,6,8,12.991538681598868,16.232403064976605,4.260787566431389
1,4,6,8,13.217236347017996,15.853705693788676,4.038851948561192
2,4,6,8,13.135430507964196,16.48093287921847,4.268473182361386
3,4,6,8,13.699646336406747,15.638769298507897,4.388022604739444
4,4,6,8,13.458151782419739,14.684074160453536,4.289711268273841
5,4,6,8,13.435865281848553,16.86933370312303,4.323202781957962
6,4,6,8,12.992880890003358,14.919391684728133,4.124122658439202
7,4,6,8,13.336967912376386,14.298668547476916,4.192008151556042
8,4,6,10,14.819806513649773,17.747848047522435,3.6562314162229974
9,4,6,10,14.189055619657537,15.479112740467533,3.4969811600225102
10,4,6,10,14.140684998659555,15.59855878160554,3.6504732201277768
11,4,6,10,13.788146522765034,16.748884878521725,3.8710410489666596
12,4,6,10,14.257396788799625,16.587793182884983,3.4192954742165096
13,4,6,10,13.770946639939972,13.777646903051838,3.731610187610569
14,4,6,10,14.09200250823768,16.17365050216508,3.5717266772245364
15,4,6,10,13.876375382719264,14.207525695660966,3.867486519164676
16,4,6,12,14.600913107992797,17.777929194543226,3.081026443423619
17,4,6,12,14.315245913733055,18.107161527872005,3.396175591215248
18,4,6,12,14.265499476906795,15.258313428488766,3.1689729027951024
19,4,6,12,14.188244998995618,15.8347783607406,3.196783954879685
20,4,6,12,14.10526677865999,14.993546354546272,3.2701503401912424
21,4,6,12,13.697250889317235,15.065701710503312,3.177225623185294
22,4,6,12,14.604450219132122,15.605589041757655,3.3694689723790026
23,4,6,12,14.642466222442865,16.492333519969304,3.342345573327337
24,6,6,8,15.728092327288403,12.88683856372018,6.030296567587801
25,6,6,8,14.667594053542825,11.608712433196974,5.592143255588902
26,6,6,8,12.152369747302034,9.116120706438458,4.736619239801956
27,6,6,8,14.314086220168667,10.97265905445766,5.584372774043618
28,6,6,8,14.067323229754802,10.648860432936502,5.518901636245805
29,6,6,8,12.246614592522041,8.724521789949772,4.582421420442282
30,6,6,8,13.665234689691903,10.484243857678418,5.061785884453908
31,6,6,8,13.595678913246795,10.55589582135776,5.330819440165019
32,6,6,10,15.272768156414115,13.001320808574208,5.116867712445856
33,6,6,10,13.47594456923635,11.083293963529579,4.668374429117349
34,6,6,10,14.685994420206887,11.911991585546637,5.009495621613331
35,6,6,10,16.09754536017793,13.872421744226697,5.583733886036633
36,6,6,10,17.263971732239867,14.84728046427544,5.716536445643807
37,6,6,10,17.173315012867224,14.378282957268912,5.589004546656537
38,6,6,10,16.016923313795584,12.706837061820025,5.225482928495199
39,6,6,10,15.938639340595653,12.711564008164634,5.618174775759304
40,6,6,12,17.24511183723582,15.39070081128456,4.999085480255133
41,6,6,12,18.192309281775053,15.94743748182069,5.5011918189740765
42,6,6,12,17.241405136872313,15.832751252694978,5.210568121242236
43,6,6,12,17.692479138710638,15.847322546974379,5.248088964888444
44,6,6,12,18.2485561214284,16.274013072619493,5.359123102393374
45,6,6,12,18.005465466749698,15.51044780310205,5.216850496531976
46,6,6,12,19.513857096974586,17.530560486512787,5.993676511122668
47,6,6,12,19.015973145009234,16.846962781789774,5.7485913007847556
48,8,6,8,21.50044812657767,20.44436064638281,8.534714179682956
49,8,6,8,18.771585176150623,16.876043209060025,7.261954658615493
50,8,6,8,21.027281158934983,20.407051422737,8.136637304112991
51,8,6,8,25.37413984775525,25.3970292600203,9.340957574761667
52,8,6,8,24.914001457441472,23.315696568536666,9.242651014830736
53,8,6,8,22.52808742845813,21.295212390795204,8.539989776922813
54,8,6,8,27.79007670772276,27.782594635520933,10.009321677343161
55,8,6,8,22.641609997992045,20.961190537558686,8.88134924014652
56,8,6,10,27.82983880314045,27.59884366989742,9.165687552436893
57,8,6,10,26.49271605263052,26.81782843875091,8.470098037089578
58,8,6,10,25.436237160040708,25.588280327603332,8.498692260998366
59,8,6,10,25.02214958617597,24.022343578232555,8.441665942883501
60,8,6,10,27.26168351740968,26.362972111512576,9.396042665861579
61,8,6,10,28.45272427964991,27.895095050241014,9.229020418252183
62,8,6,10,25.259868767309534,23.98452553860168,8.165739978825119
63,8,6,10,29.184520237813352,29.57542633753228,9.57780201414967
64,8,6,12,26.164701072252992,26.66720511108435,7.7987894570346
65,8,6,12,29.745662971766563,29.757901267617015,9.059711898062057
66,8,6,12,29.86359224825679,31.24119537070637,9.072404634684188
67,8,6,12,27.64004299459749,28.646300761104,8.719049064471015
68,8,6,12,27.598528955305156,27.87236226528263,8.3069639715165
69,8,6,12,29.017951831641074,29.653035935239128,8.566857770714869
70,8,6,12,28.631023956474664,28.047974875986544,8.885051181334136
71,8,6,12,27.759392231969557,27.14282630503216,8.312837797148699
72,4,8,8,13.001612188876452,15.729322070244837,4.0405871330507885
73,4,8,8,13.050425555291957,15.437545016148743,4.116448099683433
74,4,8,8,12.932356225832669,14.412143416035372,4.135470193504646
75,4,8,8,12.683169779902883,16.41419774335022,4.046966871349253
76,4,8,8,13.108212579459451,15.929676811351367,4.4531638300653675
77,4,8,8,12.602466713937273,18.208319826647738,4.111710836876084
78,4,8,8,12.964259210822233,13.486458692424566,4.412640701273461
79,4,8,8,12.762313760854065,18.826565099230844,3.995158140184701
80,4,8,10,13.87279141530458,16.40681062885612,3.3844385674170185
81,4,8,10,14.411972465665114,17.183020024353812,3.4303326578080005
82,4,8,10,13.875574779317107,15.87823411490431,3.3561963478944175
83,4,8,10,13.98250356226003,16.554962735585942,3.572522982564625
84,4,8,10,13.572586564738334,15.109854026227115,3.517445974149225
85,4,8,10,13.877098746975149,16.472795632247667,3.6613930446324368
86,4,8,10,14.742042347912125,15.10519831392746,3.5232508359305412
87,4,8,10,13.45112830202153,16.317630397542494,3.6515592851877905
88,4,8,12,14.361855715963195,18.00365853535149,2.832011760435246
89,4,8,12,14.610853775737723,16.744135495088646,3.076535403551441
90,4,8,12,14.266738962825395,17.874583913422995,3.1223468571037154
91,4,8,12,15.0562770175173,17.64721452853205,3.3532082183529934
92,4,8,12,14.718911246438225,15.90963198252402,3.1013235710375167
93,4,8,12,14.530976391388402,16.650531014939364,3.136624895156077
94,4,8,12,14.261778839330931,15.461440563652154,3.2000559506371626
95,4,8,12,14.76851559801662,16.353330280587947,3.086905632088242
96,6,8,8,11.566644596288278,7.614900499510449,4.588720289257366
97,6,8,8,11.142410070507886,7.887598152258255,4.811330334873671
98,6,8,8,11.098859907696543,7.377357395342118,4.637841952486343
99,6,8,8,10.258803868127796,6.5625486787325995,4.649616132609571
100,6,8,8,11.2798191918045,7.719591242780008,4.816947179247768
101,6,8,8,10.43160480247727,7.05601531156809,4.3454731351974605
102,6,8,8,10.40799162077746,6.5096953962856245,4.84758728605922
103,6,8,8,10.974909276813403,7.094744340903633,4.618119446824336
104,6,8,10,11.89650183086252,8.469473588201215,4.187264249740836
105,6,8,10,10.974774639818895,7.24356889633489,3.9112909678940264
106,6,8,10,11.476682941007269,7.483959791430633,4.282302492025834
107,6,8,10,10.956839286659234,7.097003443745259,4.026589757620443
108,6,8,10,13.496432150786013,9.908383129981818,4.539542053526289
109,6,8,10,11.233633204844518,7.999066966345639,4.042812686867592
110,6,8,10,10.877471889287484,7.263194566708974,3.925600670052631
111,6,8,10,12.521676023940792,9.02752309528513,4.105319381585738
112,6,8,12,13.707937830917423,10.251908893859033,4.307332209221385
113,6,8,12,13.573232847635143,10.151980371627317,4.33632550879038
114,6,8,12,13.88908319469793,11.223171441840814,4.065328716365388
115,6,8,12,13.399382225680663,10.4493462114334,4.459257191861526
116,6,8,12,13.182330596729503,10.13023605510103,4.028362779733762
117,6,8,12,12.977402487259507,9.643155500560438,4.006151747248347
118,6,8,12,13.623826630646953,10.859569147777684,4.394825729085426
119,6,8,12,12.78926158901579,9.53382001776672,4.120682702419696
120,8,8,8,14.317849884860184,11.112201130206577,6.240731010715361
121,8,8,8,13.65667824421317,10.653970080207037,6.1773027458529945
122,8,8,8,14.838978684889284,11.472904738866289,6.474097678953479
123,8,8,8,16.872452722052977,14.036807759911294,7.552407668873586
124,8,8,8,16.94563250591973,14.239268778100149,6.911853782899847
125,8,8,8,13.472128352259363,10.701817050138944,5.90843556258799
126,8,8,8,16.059212246784476,13.791457057414927,6.87412307262585
127,8,8,8,15.276599063784623,12.093110104168554,6.744047939389874
128,8,8,10,19.276699022551124,16.64122558794092,6.886466987734662
129,8,8,10,20.150268582908087,17.877722207290585,6.887357653168139
130,8,8,10,18.46046032217142,16.045181866827715,6.893571899841642
131,8,8,10,18.52363114361085,16.597243699827487,6.810030558312749
132,8,8,10,19.93871061608569,17.371957401548144,7.4699708406474
133,8,8,10,17.625149088314636,15.04265779440458,6.500774532274151
134,8,8,10,19.390346778535996,16.55321820216359,6.972317948015807
135,8,8,10,19.26215950119557,16.931946855661113,7.15093013982881
136,8,8,12,18.986126614767993,16.810152109760395,6.005067364481123
137,8,8,12,23.49400817163485,22.367088903002635,7.4922261369411105
138,8,8,12,23.958279341941523,22.5696230717752,7.519289155163612
139,8,8,12,20.414220877041615,17.659232222478515,6.543179112212009
140,8,8,12,22.753777471473537,20.79668557141933,7.204143732810412
141,8,8,12,23.400630646368512,21.720869280984402,7.2119289568886815
142,8,8,12,20.477861736665897,18.4825313187651,6.6286114053333165
143,8,8,12,19.454362700805063,17.31000340873731,6.190122254311538
144,4,10,8,12.947870412131637,15.317532859178472,4.714605007027411
145,4,10,8,12.152237747765849,14.097229385911653,3.8360232508015484
146,4,10,8,12.396058977318852,15.777498899017017,4.083207833682141
147,4,10,8,12.729750297870225,17.3063033311331,4.2494562909468145
148,4,10,8,12.607275467155109,16.718807008379905,3.719129782223703
149,4,10,8,12.053819036222007,14.818111343286716,3.7053784482504324
150,4,10,8,12.28255443224813,16.50854477223381,3.9054894191481333
151,4,10,8,12.526250776286638,14.763097600092898,3.9903219383326674
152,4,10,10,13.476698012459776,13.618712879609584,3.697762515544004
153,4,10,10,13.506687321022174,15.888173644606397,3.55564929078145
154,4,10,10,14.438015852830395,19.310686564199703,3.529813435589139
155,4,10,10,13.872314328888072,16.87276757970984,3.51215671991985
156,4,10,10,12.961666387221115,15.840782811911742,3.4036243689750707
157,4,10,10,13.220634248355584,15.71743797098218,3.4289921744743124
158,4,10,10,13.160682219889296,18.25607180946581,3.173413984328063
159,4,10,10,14.172923941209094,16.33217844482807,3.5265522168339425
160,4,10,12,13.926538336346187,15.675293895091567,3.041673367477871
161,4,10,12,14.246110277292335,17.22652549994613,3.1752654315371767
162,4,10,12,14.36437214812401,16.76550843857314,2.8450128367446776
163,4,10,12,14.381666974379366,16.780626338390917,3.1864444859460885
164,4,10,12,14.663543497974349,19.37709543765796,3.0975946564394317
165,4,10,12,14.466985484099387,18.765517406704006,2.961791644533036
166,4,10,12,14.324395588196708,17.095318124258668,3.182196673355426
167,4,10,12,14.849162034950934,17.738272829266826,3.0261957387820706
168,6,10,8,10.294640266592761,6.050630022944326,4.674341189689834
169,6,10,8,10.44375787281899,6.19377098904167,4.754823449334845
170,6,10,8,10.448140027831936,6.277649267755545,4.603837937440295
171,6,10,8,10.71238158389128,6.116446212920911,4.744313053942866
172,6,10,8,10.340526087361754,6.347382956882033,4.3391723706464065
173,6,10,8,10.493603761049314,6.437473012888179,4.793059363129149
174,6,10,8,10.360806185069018,6.24951946987783,3.9594087090818477
175,6,10,8,11.34089820788456,6.728262383913728,4.344261888497886
176,6,10,10,10.540430902094808,7.110467416588429,3.400412866889421
177,6,10,10,11.400712692903946,8.351223733621266,4.120706301295136
178,6,10,10,11.380894441714934,7.9197156204565,3.676172859235093
179,6,10,10,11.392957574653213,7.68891580224049,4.025886071811815
180,6,10,10,10.825323689684765,7.189956438421203,3.701933865925724
181,6,10,10,10.609448427457428,6.428744346767667,3.4117966095151298
182,6,10,10,11.757428537452078,7.8072706415178255,4.047772685081968
183,6,10,10,11.022449941831828,6.978188191370402,3.796295605077962
184,6,10,12,11.159123354035405,7.98426705662706,3.3192069253450813
185,6,10,12,12.202049458934276,8.684044831055646,3.653527158889071
186,6,10,12,11.064735715175978,7.148937624778217,3.3132828653448096
187,6,10,12,10.919187474299136,7.730202780212422,3.305001106272052
188,6,10,12,10.984260494521996,7.972292594966714,3.3262282346113223
189,6,10,12,11.604667223816602,7.955380672387892,3.4839459999813647
190,6,10,12,12.459971856077397,8.885579608140295,3.7684459109692883
191,6,10,12,11.917649332691555,8.365800274766938,3.698368725018276
192,8,10,8,10.764152789487524,7.303010016986231,5.3566371506189565
193,8,10,8,11.895068355312668,8.538914281930765,5.534630020287234
194,8,10,8,10.201005316765924,6.57157790178009,4.754117740619117
195,8,10,8,11.282746767359042,7.786907285593276,5.309535177852196
196,8,10,8,12.295231948722352,8.97479731274023,5.729064335894205
197,8,10,8,12.117130415293163,8.621434044668776,5.123252315459881
198,8,10,8,11.182746646303288,7.852526016509476,5.111847738182977
199,8,10,8,10.83464299875022,7.096577783105021,5.133525209359579
200,8,10,10,15.485007519029736,12.43115812408068,5.859573974793052
201,8,10,10,13.478823153310444,10.459809369834124,5.108922122953752
202,8,10,10,15.47498439988843,12.72484670993283,5.94740520156293
203,8,10,10,13.009631744295394,9.585146395447694,5.171555015782181
204,8,10,10,15.161534583855572,11.874040350655793,5.863152939613791
205,8,10,10,16.285323652180065,13.349223198352702,6.220217422272842
206,8,10,10,11.717740615623574,8.749941437491762,4.6991854931189545
207,8,10,10,12.758965077334858,9.2797616880654,5.085498631159129
208,8,10,12,15.799327352531355,13.379996798009369,5.119978795365732
209,8,10,12,15.304831814036609,12.62349246627266,5.1045952147572535
210,8,10,12,14.943516031980208,11.775651853118875,5.370464275217794
211,8,10,12,17.571275615855324,14.668807592366258,6.109858700820599
212,8,10,12,16.81971047822878,14.222496684764486,5.44562015291088
213,8,10,12,14.905320329185452,11.477165693854147,5.221864837538976
214,8,10,12,17.693165209117,14.923246047925266,5.8932265760671125
215,8,10,12,14.204964674741845,10.847813954343096,4.774939316603842
216,4,6,8,12.425862081485482,12.54707667886633,2.4997214585516354
217,4,6,8,11.618411772454829,13.10637677664473,1.986107230386786
218,4,6,8,11.731605417229792,12.546530551366777,2.4283199758841945
219,4,6,8,12.007432886776453,11.948238737260297,1.9281237624620564
220,4,6,8,11.944359434088257,11.81966776209771,2.423714042419772
221,4,6,8,11.780844679217346,11.16028287732666,2.2623480644738243
222,4,6,8,11.599967107680405,13.902290915082661,2.1316288816193403
223,4,6,8,11.790761276149365,11.209227351033695,2.2547510894618683
224,4,6,10,13.729021244958098,15.694898111447117,1.723120477031666
225,4,6,10,13.880024372433882,14.782780965913169,1.8751305270718899
226,4,6,10,13.31130190687885,15.935248200426038,1.7626320323432636
227,4,6,10,13.796260883443558,16.17063289045978,1.80402475574646
228,4,6,10,13.455704560802355,13.410101246687537,1.9030110612358158
229,4,6,10,13.258854260320884,15.70731633215115,1.8014978478427368
230,4,6,10,13.28445938029632,13.930001975603767,2.0389279991669786
231,4,6,10,13.415215850334882,14.434423157081458,1.6606672388678814
232,4,6,12,14.899168266426361,18.208462055651108,1.436909101646608
233,4,6,12,14.1129517246573,16.183460315603693,1.5619307486033696
234,4,6,12,14.888481520082427,15.711674833953024,1.3973196219005817
235,4,6,12,14.645254694033804,15.530771356095448,1.2944790292953843
236,4,6,12,14.719903736244483,16.64153046193926,1.3975022368968055
237,4,6,12,13.97906312015113,16.210302524051343,1.487190839937289
238,4,6,12,14.353636617060708,17.682296007016145,1.5342885188572006
239,4,6,12,13.85323669149812,16.747380611811373,1.446801083256717
240,6,6,8,9.464128508072456,6.981918786078005,1.9988702164880479
241,6,6,8,9.189374668689375,6.428505200875954,1.8133684572817763
242,6,6,8,9.278539402694685,6.051632628907421,1.8366069318880829
243,6,6,8,9.068312882909378,6.382956670068041,1.914805049885222
244,6,6,8,9.243011334963795,7.459705461198777,1.8546232694383504
245,6,6,8,9.144646923103428,6.072756446606808,1.8511214294692468
246,6,6,8,8.970370704831486,6.02819216694263,1.9896886930007736
247,6,6,8,9.035515045151913,6.415441106234079,1.6624858052659703
248,6,6,10,9.989102918566015,7.110202354301131,1.483888703266902
249,6,6,10,10.209048458802481,7.753933141508828,1.409741178054318
250,6,6,10,9.958545738621096,7.493038515691597,1.4536966302574372
251,6,6,10,10.536205986911517,8.33079303301524,1.4397553379234318
252,6,6,10,10.197147562158353,7.539120415441578,1.4170677208739013
253,6,6,10,10.669526946784506,7.686301079296823,1.3199933420922125
254,6,6,10,9.948761110905648,7.628861307453468,1.3596981138244006
255,6,6,10,10.074167029940583,7.9329548402788355,1.400008041249414
256,6,6,12,10.976324622855975,8.775835350999571,1.1309290781267884
257,6,6,12,11.081100780811655,8.985256577854246,1.1162359821500814
258,6,6,12,11.160485792545005,9.307081772133513,1.1558125372475683
259,6,6,12,11.280581756056005,8.922090230162915,1.1748764916189207
260,6,6,12,10.891857846608252,9.445916612680426,1.3055803503288133
261,6,6,12,11.193219349215376,9.17633851394118,1.0989429015241379
262,6,6,12,10.713471336588455,9.039870844939378,1.1223259848773042
263,6,6,12,11.020519520850076,9.05582865507427,1.2599290879843206
264,8,6,8,7.238021916177296,5.426234280428286,1.4846627617945958
265,8,6,8,7.236625725064039,5.717646295541812,1.5619118222475858
266,8,6,8,7.217965513711756,5.068878091560758,1.5041039751326843
267,8,6,8,8.383125290400395,5.816127143390685,1.97886886138673
268,8,6,8,7.100803520115201,5.040421191987953,1.2513346803141527
269,8,6,8,7.329959266641591,5.490726396490636,1.4174780211600109
270,8,6,8,6.984989455507186,5.074150604967652,1.571244562762723
271,8,6,8,7.373565466675107,5.471275270526621,1.4436537880823568
272,8,6,10,8.159845204465071,6.247573070677954,1.1511957358733118
273,8,6,10,8.393127686697952,6.525318844357705,1.1455385786049954
274,8,6,10,7.759760217401374,5.806225248264187,1.2666777948282495
275,8,6,10,7.892681825280216,6.413973005318404,1.220340554731584
276,8,6,10,8.179423271452636,6.153805611522976,1.1049988390054335
277,8,6,10,7.769482675136512,5.479376953694513,1.1970700615008283
278,8,6,10,7.63759324807208,5.6309893888858005,1.2485231742773022
279,8,6,10,8.016676740682344,6.158027160296102,1.25977296534936
280,8,6,12,8.801334603277171,7.141256013605929,1.074619257485783
281,8,6,12,8.789695035454384,6.984416726037835,0.9940614310078673
282,8,6,12,8.674945130176845,7.478747283552922,1.0470701785554384
283,8,6,12,8.655414032845576,7.141308717001516,1.0035399175958422
284,8,6,12,8.696563138682372,7.3125713151145275,1.019657511038202
285,8,6,12,8.91533649611903,7.148139079801555,1.1698909784007958
286,8,6,12,8.400770539510123,6.5989483554414825,0.9508139014089347
287,8,6,12,8.961280817850795,7.073087832059024,0.9682222254087717
288,4,8,8,11.88089020154879,14.344841143576382,2.311188781984472
289,4,8,8,12.449500011733017,12.60699921762172,2.11732843915078
290,4,8,8,11.628423088971308,12.045423634512256,2.143757916978751
291,4,8,8,11.469874576259329,11.631080055965183,2.065157931466251
292,4,8,8,11.11044754274515,12.910083708882967,2.261099739771463
293,4,8,8,11.26973044311947,12.35949540734938,2.1802932576700407
294,4,8,8,11.278182664428456,10.666545905817218,2.3496811196435186
295,4,8,8,11.522501695146781,12.845450627202418,2.138183769366166
296,4,8,10,12.777267940505114,13.484940382203172,1.6547518154585914
297,4,8,10,12.836911747311465,14.712340545065576,1.5943144671459166
298,4,8,10,12.831819836732945,14.987133007775046,1.5796429636385156
299,4,8,10,13.759868975386569,14.830360115967348,1.8778610103237168
300,4,8,10,13.937366142471856,15.015306444880295,1.695961113768696
301,4,8,10,13.397331515897672,15.939207667822398,1.9452403099158095
302,4,8,10,13.023253840429454,14.483249829817439,1.7862594451921776
303,4,8,10,12.788941323949402,15.937267323150742,1.5013137817130393
304,4,8,12,14.715907548735474,17.578090192148995,1.4454116558030423
305,4,8,12,14.573509796771637,18.098179551074335,1.3248306816979056
306,4,8,12,14.137936606098135,15.054580777654907,1.4287492532669057
307,4,8,12,14.891827213350664,18.754016744967792,1.655236107995963
308,4,8,12,14.590979527490251,17.637545554025692,1.5573189386606057
309,4,8,12,14.257917615365521,17.500716727941825,1.4663532555950243
310,4,8,12,14.54696601958326,15.382314615352989,1.4147832462114946
311,4,8,12,14.311585128068502,16.674492686671893,1.4597046973482495
312,6,8,8,8.963312528115008,5.49303231785372,1.9220630717286986
313,6,8,8,8.883882326527592,6.246662438186802,1.9335520221688325
314,6,8,8,8.708172995155175,5.6939122576138015,1.8960847156584224
315,6,8,8,9.460306317407477,5.514769977226742,2.119430434581457
316,6,8,8,8.704861581449252,5.8759004528032825,1.874980911185556
317,6,8,8,8.70519319942352,6.161977613777221,1.9525049333901143
318,6,8,8,8.760389072607156,6.043655040554934,1.9095174930877148
319,6,8,8,8.496405981051215,5.736476206048374,2.0343727288751605
320,6,8,10,9.653038823694915,7.217730898527611,1.417577576017925
321,6,8,10,10.206246820217709,6.650011896715324,1.5567707917891542
322,6,8,10,10.730448096780824,7.481074400301244,1.45559677311557
323,6,8,10,10.125481986188511,7.345881247655106,1.622346416090607
324,6,8,10,9.955007902001391,6.889582428805037,1.402337565159832
325,6,8,10,10.31337931008567,7.372767220871509,1.5691976460776913
326,6,8,10,9.773487239442316,6.517655296058739,1.4347082511493228
327,6,8,10,10.046616072116704,7.256941848409834,1.491879281130339
328,6,8,12,11.508366752466491,9.0900840070314,1.4961272317183787
329,6,8,12,10.377296154647519,8.025907010945602,1.2558599565843556
330,6,8,12,10.885535215724692,8.683782687108755,1.3041146767429277
331,6,8,12,10.683625422487857,8.859587326977543,1.1977037178529673
332,6,8,12,10.766238095647712,8.903839121558716,1.2659261530461294
333,6,8,12,10.96917679445341,9.133750558107437,1.1945104759788616
334,6,8,12,11.04661141412058,8.80284253161928,1.2919535029402507
335,6,8,12,11.034901752596989,8.735893549943032,1.2737938778809987
336,8,8,8,7.247212429367656,5.07397686825312,1.6181112190933415
337,8,8,8,7.300023880061154,4.831659433052309,1.6526326396979232
338,8,8,8,7.081572590777956,4.726912214973662,1.4997831118467873
339,8,8,8,6.916501529005331,4.524463261827951,1.5834703149295066
340,8,8,8,6.786223761601865,4.795201889772204,1.632746011378034
341,8,8,8,6.998530205622494,4.673678028884523,1.579709581304388
342,8,8,8,7.101312907835954,4.807334234308582,1.8838273427414287
343,8,8,8,6.945541637538716,4.785843755852196,1.441645556258026
344,8,8,10,8.02086468879839,5.886785805612106,1.2043540708930467
345,8,8,10,8.075124229146274,6.252761920555765,1.298270692785316
346,8,8,10,8.206295361211428,5.6968217353343915,1.3353908135416415
347,8,8,10,7.805355253693688,5.386880642786645,1.2088709248841538
348,8,8,10,7.970111527416292,6.247492844741776,1.2942900186545532
349,8,8,10,7.526002573880219,5.4124730107714365,1.107434170825606
350,8,8,10,9.13405445894242,6.305408234826023,1.6393967268630534
351,8,8,10,8.243906886902037,6.0342946070083965,1.1391180273826256
352,8,8,12,8.72882070018003,6.884186866127894,1.1118730696700416
353,8,8,12,8.611422569157572,7.00954843153097,1.0804767307909893
354,8,8,12,8.552796736518706,6.44797289154329,1.0356740470000891
355,8,8,12,8.619981087612805,7.058320109538005,1.0946057350804006
356,8,8,12,8.63692976553478,6.972599098261473,1.036866465794488
357,8,8,12,8.486308681674686,6.5678079636537525,0.9699092332260923
358,8,8,12,8.424572209313583,6.477112775628227,1.0330598983587311
359,8,8,12,8.781138361396113,7.232451761736283,1.0540677593118994
360,4,10,8,11.342589049085054,11.424908572514674,2.1055845786934215
361,4,10,8,11.46057753883781,12.763266328156,2.121968454643937
362,4,10,8,11.47486097582422,11.326075271913716,2.223307279986346
363,4,10,8,11.611537550953887,12.262946680700525,2.218140112123379
364,4,10,8,11.819357139771503,14.3786566675569,2.46525774803454
365,4,10,8,10.929819524249258,10.987518327672078,2.193082086437931
366,4,10,8,11.751504689732776,11.694508889975621,2.344380516059852
367,4,10,8,11.127101673241595,13.940501364739625,2.236650317610806
368,4,10,10,13.663642258541477,15.688792437219014,1.594558427322513
369,4,10,10,13.382134858435395,16.805151731872524,1.5028543171144295
370,4,10,10,12.641414734054397,13.683238345146476,1.6898478898430052
371,4,10,10,12.815375188506875,14.400635466670598,1.797003396581368
372,4,10,10,13.513437087857675,15.736378166971623,1.575218897442137
373,4,10,10,12.843408460254679,14.953185258006574,1.6581943882794676
374,4,10,10,13.083868819602339,15.9311554883819,1.5804527332951905
375,4,10,10,12.988551314537842,15.490685571846255,1.7052406783326717
376,4,10,12,15.152063885119148,17.47446580186208,1.3672040914528651
377,4,10,12,13.960949631249298,16.150902713509613,1.3390778789680788
378,4,10,12,14.70642737194202,16.694656860532103,1.527110682127669
379,4,10,12,14.221568718006237,16.803372987543455,1.5617049137431287
380,4,10,12,13.975501727551823,15.992479368342664,1.3952779263793225
381,4,10,12,14.625064238908207,15.835663864544697,1.5676991115311734
382,4,10,12,14.463799865637,17.33979828701167,1.4777436955261312
383,4,10,12,14.295911642067118,15.498729525632289,1.4379937952502286
384,6,10,8,8.749581750186952,6.226492793262268,1.7668484088859884
385,6,10,8,9.512830533981894,5.559705556066803,2.1115222399419538
386,6,10,8,8.799643300009919,4.97997394227067,1.9089331551138236
387,6,10,8,8.283074040808337,5.469996967963968,2.0058943460994434
388,6,10,8,8.848963790023596,5.1012625564399,1.9466166945458725
389,6,10,8,9.063941072041146,5.68314247673898,1.8844366479821502
390,6,10,8,8.912084933142232,5.578819689428806,2.2657806440387547
391,6,10,8,9.14408025788089,5.64779810722516,1.906789281101203
392,6,10,10,10.353542481664856,6.940809890239425,1.579138704720328
393,6,10,10,10.493222181038359,7.524390201775204,1.6340011135924941
394,6,10,10,10.198838179363348,7.2736762354988755,1.5649630004563635
395,6,10,10,10.305164664398674,7.602156680175088,1.3638780335949292
396,6,10,10,10.080520916637596,7.263850479882317,1.477818363069123
397,6,10,10,10.072525278686136,7.540053264605753,1.380461456881322
398,6,10,10,10.602429980966917,7.936601216900218,1.6677061790077523
399,6,10,10,10.153966154906296,7.726572594354014,1.5897183230670313
400,6,10,12,11.106866911424163,9.427455486853473,1.2417167730769711
401,6,10,12,11.141641168821941,9.110408707447474,1.298293123904569
402,6,10,12,11.145678407879302,9.252942923804767,1.1449114986267375
403,6,10,12,11.325075504543436,8.90999296003048,1.4492374405585067
404,6,10,12,11.553042315623674,9.186815971253834,1.3402661985718454
405,6,10,12,10.47410442814408,8.295144865178385,1.370172686223856
406,6,10,12,11.138036230160965,9.151836100519338,1.3259814041201006
407,6,10,12,10.656184314186087,8.942687369851061,1.2782861627527442
408,8,10,8,7.3185137464127425,4.6777430333300005,1.7661649668853499
409,8,10,8,6.902112379967309,4.819168583645427,1.6311162417306635
410,8,10,8,7.060626543511109,4.455063499499389,1.7546386344452072
411,8,10,8,6.940219172869117,4.711037752055679,1.62861008569429
412,8,10,8,7.09823481384858,4.923562573156135,1.617001480906756
413,8,10,8,6.9537925433028205,4.165211879478165,1.82891932115821
414,8,10,8,7.158709696334696,4.376493710521145,1.4748033795526532
415,8,10,8,7.250106907019723,4.890326402410231,1.6500365202318557
416,8,10,10,7.676223547587615,5.588883262095695,1.2710625381483887
417,8,10,10,7.761302345376314,5.3995617707945875,1.282579965720821
418,8,10,10,8.122954351430305,5.862004680853541,1.2846229234500377
419,8,10,10,7.726791160727325,5.234449088769901,1.3502875187708916
420,8,10,10,7.945546174801419,5.737469299074297,1.3076697176846677
421,8,10,10,7.710695971737639,5.6456329619053625,1.319667182524535
422,8,10,10,7.83003446532447,5.623118097254934,1.3054892465895773
423,8,10,10,7.614585622809613,5.7742121072368,1.2969865336563626
424,8,10,12,8.988984964656694,7.411340318823578,1.1230191963088472
425,8,10,12,8.515399828736278,6.547014924408281,1.054554993068153
426,8,10,12,8.69555291127154,7.0664676523219985,1.0837951468454214
427,8,10,12,8.793930862322432,6.8834896365488465,1.1525272567928275
428,8,10,12,8.862860247778821,7.097581607511743,1.082801031443792
429,8,10,12,8.782802874530478,6.989433541506343,1.0046490383592515
430,8,10,12,8.647994301498237,6.710834331529084,1.0647067752449564
431,8,10,12,8.79531445751514,6.973902526710834,1.2151174490493781
